Employee_Name,EmpID,MarriedID,MaritalStatusID,GenderID,EmpStatusID,DeptID,PerfScoreID,FromDiversityJobFairID,Salary,Termd,PositionID,Position,State,Zip,DOB,Sex,MaritalDesc,CitizenDesc,HispanicLatino,RaceDesc,DateofHire,DateofTermination,TermReason,EmploymentStatus,Department,ManagerName,ManagerID,RecruitmentSource,PerformanceScore,EngagementSurvey,EmpSatisfaction,SpecialProjectsCount,LastPerformanceReview_Date,DaysLateLast30,Absences,completeness,consistency,validity,accuracy,final_label,notes
"King, Janet",10089,1,1,0,1,2,3,0,250000,0,16,President & CEO,MA,1902,09/21/54,F,Married,US Citizen,Yes,White,7/2/2012,,N/A-StillEmployed,Active,Executive Office,Board of Directors,9,Indeed,Fully Meets,4.83,3,0,1/17/2019,0,10,1,1,0,0,0,"Invalid DOB format, Duplicate EmpID"
"King, Janet",10089,1,1,0,1,2,3,0,250000,0,16,President & CEO,MA,1902,09/21/54,F,Married,US Citizen,Yes,White,7/2/2012,,N/A-StillEmployed,Active,Executive Office,Board of Directors,9,Indeed,Fully Meets,4.83,3,0,1/17/2019,0,10,1,1,0,0,0,"Invalid DOB format, Duplicate EmpID"
"Monroe, Peter",10288,1,1,1,1,3,2,1,157000,0,13,IT Manager - Infra,MA,2134,10/5/1986,M ,Married,Eligible NonCitizen,Yes,Black or African American,2/15/2012,,N/A-StillEmployed,Active,IT/IS,Jennifer Zamora,5,Diversity Job Fair,Needs Improvement,2.39,3,6,2/22/2019,4,13,1,1,1,1,1,
"Voldemort, Lord",10118,1,1,1,4,3,3,0,113999,1,8,Database Administrator,MA,1960,8/7/1986,M ,Married,US Citizen,No,Black or African American,2/16/2015,2/22/2017,"no-call, no-show",Terminated for Cause,IT/IS,Simon Roup,4,Employee Referral,Fully Meets,4.33,3,7,2/15/2017,0,9,1,1,1,0,1,Duplicate EmpID
"Voldemort, Lord",10118,1,1,1,4,3,3,0,113999,1,8,Database Administrator,MA,1960,8/7/1986,M ,Married,US Citizen,No,Black or African American,2/16/2015,2/22/2017,"no-call, no-show",Terminated for Cause,IT/IS,Simon Roup,4,Employee Referral,Fully Meets,4.33,3,7,2/15/2017,0,9,1,1,1,0,1,Duplicate EmpID
"Champaigne, Brian",10108,1,1,1,1,3,3,0,110929,0,5,BI Director,MA,2045,2/9/1972,M ,Married,US Citizen,No,White,9/6/2016,,N/A-StillEmployed,Active,IT/IS,Jennifer Zamora,5,Indeed,Fully Meets,4.5,5,7,1/15/2019,0,8,1,1,1,0,1,Duplicate EmpID
"Champaigne, Brian",10108,1,1,1,1,3,3,0,110929,0,5,BI Director,MA,2045,2/9/1972,M ,Married,US Citizen,No,White,9/6/2016,,N/A-StillEmployed,Active,IT/IS,Jennifer Zamora,5,Indeed,Fully Meets,4.5,5,7,1/15/2019,0,8,1,1,1,0,1,Duplicate EmpID
"Champaigne, Brian",10108,1,1,1,1,3,3,0,110929,0,5,BI Director,MA,2045,2/9/1972,M ,Married,US Citizen,No,White,9/6/2016,,N/A-StillEmployed,Active,IT/IS,Jennifer Zamora,5,Indeed,Fully Meets,4.5,5,7,1/15/2019,0,8,1,1,1,0,1,Duplicate EmpID
"Warfield, Sarah",10127,0,4,0,1,3,3,0,107226,0,28,Sr. Network Engineer,MA,2453,5/2/1978,F,Widowed,US Citizen,No,Asian,3/30/2015,,N/A-StillEmployed,Active,IT/IS,Peter Monroe,7,Employee Referral,Fully Meets,4.2,4,8,2/5/2019,0,7,1,1,1,1,1,
"Boutwell, Bonalyn",10081,1,1,0,1,1,3,1,106367,0,26,Sr. Accountant,MA,2468,4/4/1987,F,Married,US Citizen,No,Black or African American,2/16/2015,,N/A-StillEmployed,Active,Admin Offices,Brandon R. LeBlanc,3,Diversity Job Fair,Fully Meets,5,4,3,2/18/2019,0,4,1,1,1,1,1,
"Andreola, Colby",10194,0,0,0,1,4,3,0,95660,0,24,Software Engineer,MA,2110,05/24/79,F,Single,US Citizen,No,White,11/10/2014,,N/A-StillEmployed,Active,Software Engineering,Alex Sweetwater,10,LinkedIn,Fully Meets,3.04,3,4,1/2/2019,0,19,1,1,0,1,1,
"Petrowsky, Thelma",10016,1,1,0,1,3,4,0,93554,0,9,Data Analyst,MA,1886,09/16/84,F,Married,US Citizen,No,Black or African American,11/10/2014,,N/A-StillEmployed,Active,IT/IS,Simon Roup,4,Employee Referral,Exceeds,4.6,5,7,1/4/2019,0,16,1,1,0,1,1,
"LeBlanc, Brandon  R",10134,1,1,1,1,1,3,0,93046,0,23,Shared Services Manager,MA,1460,6/10/1984,M ,Married,US Citizen,No,White,1/5/2016,,N/A-StillEmployed,Active,Admin Offices,Janet King,2,CareerBuilder,Fully Meets,4.1,4,0,1/28/2019,0,20,1,1,1,1,1,
"Szabo, Andrew",10024,0,0,1,1,4,4,0,92989,0,24,Software Engineer,MA,2140,5/6/1983,M ,Single,US Citizen,No,White,7/7/2014,,N/A-StillEmployed,Active,Software Engineering,Alex Sweetwater,10,LinkedIn,Exceeds,4.5,5,5,2/18/2019,0,1,1,1,1,1,1,
"Roby, Lori ",10162,1,1,0,1,3,3,0,89883,0,9,Data Analyst,MA,1886,10/11/1981,F,Married,US Citizen,No,White,2/16/2015,,N/A-StillEmployed,Active,IT/IS,Simon Roup,4,Employee Referral,Fully Meets,3.69,5,6,2/14/2019,0,15,1,1,1,0,1,Duplicate EmpID
"Roby, Lori ",10162,1,1,0,1,3,3,0,89883,0,9,Data Analyst,MA,1886,10/11/1981,F,Married,US Citizen,No,White,2/16/2015,,N/A-StillEmployed,Active,IT/IS,Simon Roup,4,Employee Referral,Fully Meets,3.69,5,6,2/14/2019,0,15,1,1,1,0,1,Duplicate EmpID
"Salter, Jason",10229,0,2,1,5,3,3,0,88527,1,9,Data Analyst ,MA,2452,12/17/87,M ,Divorced,US Citizen,No,Black or African American,1/5/2015,10/31/2015,hours,Voluntarily Terminated,IT/IS,Simon Roup,4,LinkedIn,Fully Meets,4.2,3,5,4/20/2015,0,2,1,1,0,1,1,
"Soze, Keyser",10180,1,1,1,2,3,3,0,87565,0,28,Sr. Network Engineer,MA,1545,2/9/1983,M ,Married,US Citizen,No,Asian,6/30/2016,,N/A-StillEmployed,Active,IT/IS,Peter Monroe,7,LinkedIn,Fully Meets,3.27,4,5,1/14/2019,0,13,1,1,1,1,1,
"Le, Binh",10232,0,0,0,1,3,3,0,81584,0,22,Senior BI Developer,MA,1886,06/14/87,F,Single,US Citizen,No,Asian,10/2/2016,,N/A-StillEmployed,Active,IT/IS,Brian Champaigne,13,Indeed,Fully Meets,4.1,5,7,1/8/2019,0,2,1,1,0,0,0,"Invalid DOB format, Duplicate EmpID"
"Le, Binh",10232,0,0,0,1,3,3,0,81584,0,22,Senior BI Developer,MA,1886,06/14/87,F,Single,US Citizen,No,Asian,10/2/2016,,N/A-StillEmployed,Active,IT/IS,Brian Champaigne,13,Indeed,Fully Meets,4.1,5,7,1/8/2019,0,2,1,1,0,0,0,"Invalid DOB format, Duplicate EmpID"
"Le, Binh",10232,0,0,0,1,3,3,0,81584,0,22,Senior BI Developer,MA,1886,06/14/87,F,Single,US Citizen,No,Asian,10/2/2016,,N/A-StillEmployed,Active,IT/IS,Brian Champaigne,13,Indeed,Fully Meets,4.1,5,7,1/8/2019,0,2,1,1,0,0,0,"Invalid DOB format, Duplicate EmpID"
"Le, Binh",10232,0,0,0,1,3,3,0,81584,0,22,Senior BI Developer,MA,1886,06/14/87,F,Single,US Citizen,No,Asian,10/2/2016,,N/A-StillEmployed,Active,IT/IS,Brian Champaigne,13,Indeed,Fully Meets,4.1,5,7,1/8/2019,0,2,1,1,0,0,0,"Invalid DOB format, Duplicate EmpID"
"Dunn, Amy  ",10105,0,0,0,1,5,3,0,75188,0,18,Production Manager,MA,1731,11/28/73,F,Single,US Citizen,No,White,9/18/2014,,N/A-StillEmployed,Active,Production       ,Janet King,2,Google Search,Fully Meets,4.52,4,0,1/15/2019,0,4,1,1,0,0,0,"Invalid DOB format, Duplicate EmpID"
"Dunn, Amy  ",10105,0,0,0,1,5,3,0,75188,0,18,Production Manager,MA,1731,11/28/73,F,Single,US Citizen,No,White,9/18/2014,,N/A-StillEmployed,Active,Production       ,Janet King,2,Google Search,Fully Meets,4.52,4,0,1/15/2019,0,4,1,1,0,0,0,"Invalid DOB format, Duplicate EmpID"
"Dunn, Amy  ",10105,0,0,0,1,5,3,0,75188,0,18,Production Manager,MA,1731,11/28/73,F,Single,US Citizen,No,White,9/18/2014,,N/A-StillEmployed,Active,Production       ,Janet King,2,Google Search,Fully Meets,4.52,4,0,1/15/2019,0,4,1,1,0,0,0,"Invalid DOB format, Duplicate EmpID"
"Moumanil, Maliki ",10120,0,3,1,1,5,3,0,74417,0,20,Production Technician II,MA,1460,12/1/1974,M ,Separated,US Citizen,No,Black or African American,5/13/2013,,N/A-StillEmployed,Active,Production       ,Michael Albert,22,LinkedIn,Fully Meets,4.29,5,0,1/28/2019,0,11,1,1,1,0,1,Duplicate EmpID
"Moumanil, Maliki ",10120,0,3,1,1,5,3,0,74417,0,20,Production Technician II,MA,1460,12/1/1974,M ,Separated,US Citizen,No,Black or African American,5/13/2013,,N/A-StillEmployed,Active,Production       ,Michael Albert,22,LinkedIn,Fully Meets,4.29,5,0,1/28/2019,0,11,1,1,1,0,1,Duplicate EmpID
"Bunbury, Jessica",10188,1,1,0,5,6,3,0,74326,1,3,Area Sales Manager,VA,21851,6/1/1964,F,Married,Eligible NonCitizen,No,Black or African American,8/15/2011,8/2/2014,Another position,Voluntarily Terminated,Sales,John Smith,17,Google Search,Fully Meets,3.14,5,0,2/10/2013,1,19,1,1,1,0,1,Duplicate EmpID
"Bunbury, Jessica",10188,1,1,0,5,6,3,0,74326,1,3,Area Sales Manager,VA,21851,6/1/1964,F,Married,Eligible NonCitizen,No,Black or African American,8/15/2011,8/2/2014,Another position,Voluntarily Terminated,Sales,John Smith,17,Google Search,Fully Meets,3.14,5,0,2/10/2013,1,19,1,1,1,0,1,Duplicate EmpID
"Smith, John",10291,0,2,1,1,6,2,1,72992,0,21,Sales Manager,MA,1886,08/16/84,M ,Divorced,US Citizen,No,Black or African American,5/18/2014,,N/A-StillEmployed,Active,Sales,Debra Houlihan,15,Diversity Job Fair,Needs Improvement,2.4,4,0,1/16/2019,2,16,1,1,0,0,0,"Invalid DOB format, Duplicate EmpID"
"Smith, John",10291,0,2,1,1,6,2,1,72992,0,21,Sales Manager,MA,1886,08/16/84,M ,Divorced,US Citizen,No,Black or African American,5/18/2014,,N/A-StillEmployed,Active,Sales,Debra Houlihan,15,Diversity Job Fair,Needs Improvement,2.4,4,0,1/16/2019,2,16,1,1,0,0,0,"Invalid DOB format, Duplicate EmpID"
"Monterro, Luisa",10025,0,0,0,1,5,4,0,72460,0,20,Production Technician II,MA,2126,04/24/70,F,Single,US Citizen,No,Black or African American,5/13/2013,,N/A-StillEmployed,Active,Production       ,Kissy Sullivan,20,Indeed,Exceeds,4.7,3,0,1/14/2019,0,1,1,1,0,1,1,
"Hitchcock, Alfred",10167,1,1,1,1,6,3,0,70545,0,3,Area Sales Manager,NH,3062,09/14/88,M ,Married,US Citizen,No,American Indian or Alaska Native,8/18/2014,,N/A-StillEmployed,Active,Sales,John Smith,17,Indeed,Fully Meets,3.6,5,0,1/30/2019,0,9,1,1,0,0,0,"Invalid DOB format, Duplicate EmpID"
"Hitchcock, Alfred",10167,1,1,1,1,6,3,0,70545,0,3,Area Sales Manager,NH,3062,09/14/88,M ,Married,US Citizen,No,American Indian or Alaska Native,8/18/2014,,N/A-StillEmployed,Active,Sales,John Smith,17,Indeed,Fully Meets,3.6,5,0,1/30/2019,0,9,1,1,0,0,0,"Invalid DOB format, Duplicate EmpID"
"Leruth, Giovanni",10103,0,3,1,1,6,3,0,70468,0,3,Area Sales Manager,UT,84111,12/27/88,M ,Separated,US Citizen,No,Black or African American,4/30/2012,,N/A-StillEmployed,Active,Sales,John Smith,17,Website,Fully Meets,4.53,3,0,1/29/2019,0,16,1,1,0,0,0,"Invalid DOB format, Duplicate EmpID"
"Leruth, Giovanni",10103,0,3,1,1,6,3,0,70468,0,3,Area Sales Manager,UT,84111,12/27/88,M ,Separated,US Citizen,No,Black or African American,4/30/2012,,N/A-StillEmployed,Active,Sales,John Smith,17,Website,Fully Meets,4.53,3,0,1/29/2019,0,16,1,1,0,0,0,"Invalid DOB format, Duplicate EmpID"
"Fraval, Maruk ",10258,0,0,1,1,6,3,0,67251,0,3,Area Sales Manager,CT,6050,08/28/63,M ,Single,US Citizen,No,Black or African American,9/6/2011,,N/A-StillEmployed,Active,Sales,Lynn Daneault,21,CareerBuilder,Fully Meets,4.3,3,0,1/27/2019,2,7,1,1,0,0,0,"Invalid DOB format, Duplicate EmpID"
"Fraval, Maruk ",10258,0,0,1,1,6,3,0,67251,0,3,Area Sales Manager,CT,6050,08/28/63,M ,Single,US Citizen,No,Black or African American,9/6/2011,,N/A-StillEmployed,Active,Sales,Lynn Daneault,21,CareerBuilder,Fully Meets,4.3,3,0,1/27/2019,2,7,1,1,0,0,0,"Invalid DOB format, Duplicate EmpID"
"Fraval, Maruk ",10258,0,0,1,1,6,3,0,67251,0,3,Area Sales Manager,CT,6050,08/28/63,M ,Single,US Citizen,No,Black or African American,9/6/2011,,N/A-StillEmployed,Active,Sales,Lynn Daneault,21,CareerBuilder,Fully Meets,4.3,3,0,1/27/2019,2,7,1,1,0,0,0,"Invalid DOB format, Duplicate EmpID"
"Lundy, Susan",10096,0,4,0,5,5,3,0,67237,1,20,Production Technician II,MA,2122,12/26/76,F,Widowed,US Citizen,No,White,7/8/2013,9/15/2016,more money,Voluntarily Terminated,Production       ,Michael Albert,22,LinkedIn,Fully Meets,4.65,4,0,6/10/2016,0,15,1,1,0,1,1,
"Good, Susan",10237,1,1,0,3,5,3,0,66825,0,20,Production Technician II,MA,1886,05/25/86,F,Married,US Citizen,No,White,5/12/2014,,N/A-StillEmployed,Active,Production       ,David Stanley,14,LinkedIn,Fully Meets,4.6,3,0,2/7/2019,0,20,1,1,0,1,1,
"Nowlan, Kristie",10104,0,0,0,1,5,3,0,66738,0,20,Production Technician II,MA,1040,11/23/85,F,Single,US Citizen,No,White,11/10/2014,,N/A-StillEmployed,Active,Production       ,Elijiah Gray,16,Indeed,Fully Meets,4.53,5,0,1/16/2019,0,5,1,1,0,0,0,"Invalid DOB format, Duplicate EmpID"
"Nowlan, Kristie",10104,0,0,0,1,5,3,0,66738,0,20,Production Technician II,MA,1040,11/23/85,F,Single,US Citizen,No,White,11/10/2014,,N/A-StillEmployed,Active,Production       ,Elijiah Gray,16,Indeed,Fully Meets,4.53,5,0,1/16/2019,0,5,1,1,0,0,0,"Invalid DOB format, Duplicate EmpID"
"Gosciminski, Phylicia  ",10218,0,3,0,3,5,3,0,66149,0,20,Production Technician II,MA,1824,12/8/1983,F,Separated,US Citizen,No,American Indian or Alaska Native,9/30/2013,,N/A-StillEmployed,Active,Production       ,Kissy Sullivan,20,Google Search,Fully Meets,4.4,5,0,2/21/2019,0,1,1,1,1,1,1,
"Fancett, Nicole",10136,0,0,0,1,5,3,0,65902,0,20,Production Technician II,MA,2324,09/27/87,F,Single,US Citizen,No,Black or African American,2/17/2014,,N/A-StillEmployed,Active,Production       ,Webster Butler,,LinkedIn,Fully Meets,4,4,0,1/7/2019,0,7,0,1,0,0,0,"Invalid DOB format, Duplicate EmpID, Missing Manager ID"
"Fancett, Nicole",10136,0,0,0,1,5,3,0,65902,0,20,Production Technician II,MA,2324,09/27/87,F,Single,US Citizen,No,Black or African American,2/17/2014,,N/A-StillEmployed,Active,Production       ,Webster Butler,,LinkedIn,Fully Meets,4,4,0,1/7/2019,0,7,0,1,0,0,0,"Invalid DOB format, Duplicate EmpID, Missing Manager ID"
"Woodson, Jason",10135,0,0,1,1,5,3,0,65893,0,20,Production Technician II,MA,1810,5/11/1985,M ,Single,US Citizen,No,White,7/7/2014,,N/A-StillEmployed,Active,Production       ,Kissy Sullivan,20,LinkedIn,Fully Meets,4.07,4,0,2/28/2019,0,13,1,1,1,0,1,Duplicate EmpID
"Woodson, Jason",10135,0,0,1,1,5,3,0,65893,0,20,Production Technician II,MA,1810,5/11/1985,M ,Single,US Citizen,No,White,7/7/2014,,N/A-StillEmployed,Active,Production       ,Kissy Sullivan,20,LinkedIn,Fully Meets,4.07,4,0,2/28/2019,0,13,1,1,1,0,1,Duplicate EmpID
"Galia, Lisa",10273,0,0,0,1,3,3,0,65707,0,14,IT Support,CT,6040,7/6/1968,F,Single,US Citizen,No,White,5/1/2010,,N/A-StillEmployed,Active,IT/IS,Eric Dougall,6,LinkedIn,Fully Meets,4.7,4,5,2/1/2019,0,1,1,1,1,0,1,Duplicate EmpID
"Galia, Lisa",10273,0,0,0,1,3,3,0,65707,0,14,IT Support,CT,6040,7/6/1968,F,Single,US Citizen,No,White,5/1/2010,,N/A-StillEmployed,Active,IT/IS,Eric Dougall,6,LinkedIn,Fully Meets,4.7,4,5,2/1/2019,0,1,1,1,1,0,1,Duplicate EmpID
"Khemmich, Bartholemew",10231,0,0,1,1,6,3,0,65310,0,3,Area Sales Manager,CO,80820,11/27/79,M ,Single,US Citizen,No,White,8/19/2013,,N/A-StillEmployed,Active,Sales,Lynn Daneault,21,Indeed,Fully Meets,4.3,5,0,1/22/2019,0,13,1,1,0,1,1,
"Hutter, Rosalie",10214,0,3,0,2,5,3,0,64995,0,20,Production Technician II,MA,2351,5/7/1992,F,Separated,US Citizen,No,White,6/5/2015,,N/A-StillEmployed,Active,Production       ,Webster Butler,,Indeed,Fully Meets,4.5,3,0,2/14/2019,0,6,0,1,1,0,0,"Duplicate EmpID, Missing Manager ID"
"Hutter, Rosalie",10214,0,3,0,2,5,3,0,64995,0,20,Production Technician II,MA,2351,5/7/1992,F,Separated,US Citizen,No,White,6/5/2015,,N/A-StillEmployed,Active,Production       ,Webster Butler,,Indeed,Fully Meets,4.5,3,0,2/14/2019,0,6,0,1,1,0,0,"Duplicate EmpID, Missing Manager ID"
"Alagbe,Trina",10088,1,1,0,1,5,3,0,64991,0,19,Production Technician I,MA,1886,09/27/88,F,Married,US Citizen,No,White,1/7/2008,,N/A-StillEmployed,Active,Production       ,Elijiah Gray,16,Indeed,Fully Meets,4.84,5,0,1/3/2019,0,15,1,1,0,1,1,
"Chivukula, Enola",10240,0,0,0,5,5,3,0,64786,1,19,Production Technician I,MA,1775,08/27/83,F,Single,US Citizen,No,White,6/27/2011,11/15/2015,relocation out of area,Voluntarily Terminated,Production       ,Amy Dunn,11,Indeed,Fully Meets,4.3,4,0,3/10/2015,0,3,1,1,0,0,0,"Invalid DOB format, Duplicate EmpID"
"Chivukula, Enola",10240,0,0,0,5,5,3,0,64786,1,19,Production Technician I,MA,1775,08/27/83,F,Single,US Citizen,No,White,6/27/2011,11/15/2015,relocation out of area,Voluntarily Terminated,Production       ,Amy Dunn,11,Indeed,Fully Meets,4.3,4,0,3/10/2015,0,3,1,1,0,0,0,"Invalid DOB format, Duplicate EmpID"
"Sparks, Taylor  ",10302,1,1,0,1,5,1,0,64021,0,19,Production Technician I,MA,2093,07/20/68,F,Married,US Citizen,No,White,2/20/2012,,N/A-StillEmployed,Active,Production       ,Brannon Miller,12,Indeed,PIP,2.4,2,1,2/25/2019,6,20,1,1,0,1,1,
"Panjwani, Nina",10148,1,1,0,5,5,3,0,63515,1,19,Production Technician I,MA,2351,5/1/1979,F,Married,US Citizen,No,White,2/7/2011,1/12/2014,Another position,Voluntarily Terminated,Production       ,Elijiah Gray,16,Google Search,Fully Meets,3.89,4,0,3/4/2013,0,7,1,1,1,0,1,Duplicate EmpID
"Panjwani, Nina",10148,1,1,0,5,5,3,0,63515,1,19,Production Technician I,MA,2351,5/1/1979,F,Married,US Citizen,No,White,2/7/2011,1/12/2014,Another position,Voluntarily Terminated,Production       ,Elijiah Gray,16,Google Search,Fully Meets,3.89,4,0,3/4/2013,0,7,1,1,1,0,1,Duplicate EmpID
"Panjwani, Nina",10148,1,1,0,5,5,3,0,63515,1,19,Production Technician I,MA,2351,5/1/1979,F,Married,US Citizen,No,White,2/7/2011,1/12/2014,Another position,Voluntarily Terminated,Production       ,Elijiah Gray,16,Google Search,Fully Meets,3.89,4,0,3/4/2013,0,7,1,1,1,0,1,Duplicate EmpID
"Cockel, James",10261,0,0,1,1,5,3,0,63108,0,19,Production Technician I,MA,2452,9/8/1977,M ,Single,US Citizen,No,White,7/8/2013,,N/A-StillEmployed,Active,Production       ,David Stanley,14,Employee Referral,Fully Meets,4.4,5,0,1/14/2019,0,3,1,1,1,0,1,Duplicate EmpID
"Cockel, James",10261,0,0,1,1,5,3,0,63108,0,19,Production Technician I,MA,2452,9/8/1977,M ,Single,US Citizen,No,White,7/8/2013,,N/A-StillEmployed,Active,Production       ,David Stanley,14,Employee Referral,Fully Meets,4.4,5,0,1/14/2019,0,3,1,1,1,0,1,Duplicate EmpID
"Trang, Mei",10287,0,0,0,1,5,2,0,63025,0,19,Production Technician I,MA,2021,05/16/83,F,Single,US Citizen,No,White,2/17/2014,,N/A-StillEmployed,Active,Production       ,David Stanley,14,LinkedIn,Needs Improvement,2.44,5,0,2/11/2019,4,18,1,1,0,0,0,"Invalid DOB format, Duplicate EmpID"
"Trang, Mei",10287,0,0,0,1,5,2,0,63025,0,19,Production Technician I,MA,2021,05/16/83,F,Single,US Citizen,No,White,2/17/2014,,N/A-StillEmployed,Active,Production       ,David Stanley,14,LinkedIn,Needs Improvement,2.44,5,0,2/11/2019,4,18,1,1,0,0,0,"Invalid DOB format, Duplicate EmpID"
"Brown, Mia",10238,1,1,0,1,1,3,1,63000,0,1,Accountant I,MA,1450,11/24/87,F,Married,US Citizen,No,Black or African American,10/27/2008,,N/A-StillEmployed,Active,Admin Offices,Brandon R. LeBlanc,1,Diversity Job Fair,Fully Meets,4.5,2,6,1/15/2019,0,14,1,1,0,0,0,"Invalid DOB format, Duplicate EmpID"
"Brown, Mia",10238,1,1,0,1,1,3,1,63000,0,1,Accountant I,MA,1450,11/24/87,F,Married,US Citizen,No,Black or African American,10/27/2008,,N/A-StillEmployed,Active,Admin Offices,Brandon R. LeBlanc,1,Diversity Job Fair,Fully Meets,4.5,2,6,1/15/2019,0,14,1,1,0,0,0,"Invalid DOB format, Duplicate EmpID"
"Gray, Elijiah  ",10098,0,2,1,1,5,3,0,62957,0,18,Production Manager,MA,1752,7/11/1981,M ,Divorced,US Citizen,No,White,6/2/2015,,N/A-StillEmployed,Active,Production       ,Janet King,2,Employee Referral,Fully Meets,4.63,3,0,1/4/2019,0,2,1,1,1,1,1,
"Mckenna, Sandy",10145,1,1,0,1,5,3,0,62810,0,19,Production Technician I,MA,2184,1/7/1987,F,Married,US Citizen,No,Black or African American,1/7/2013,,N/A-StillEmployed,Active,Production       ,Kissy Sullivan,20,CareerBuilder,Fully Meets,3.93,3,0,1/30/2019,0,20,1,1,1,1,1,
"Burkett, Benjamin ",10181,1,1,1,1,5,3,0,62162,0,20,Production Technician II,MA,1890,08/19/77,M ,Married,US Citizen,No,White,4/4/2011,,N/A-StillEmployed,Active,Production       ,Ketsia Liebig,19,Indeed,Fully Meets,3.25,5,0,1/14/2019,0,15,1,1,0,1,1,
"Nguyen, Lei-Ming",10206,0,0,0,1,5,3,0,62061,0,19,Production Technician I,MA,2132,7/7/1984,F,Single,US Citizen,No,White,7/8/2013,,N/A-StillEmployed,Active,Production       ,David Stanley,14,LinkedIn,Fully Meets,3.6,5,0,1/2/2019,0,4,1,1,1,1,1,
"Latif, Mohammed",10249,1,1,1,5,5,3,0,61962,1,20,Production Technician II,MA,2126,5/9/1984,M ,Married,US Citizen,No,White,4/2/2012,4/15/2013,more money,Voluntarily Terminated,Production       ,Kissy Sullivan,20,Google Search,Fully Meets,4.9,3,0,2/20/2013,0,20,1,1,1,1,1,
"Ren, Kylo",10140,1,1,1,1,6,3,0,61809,0,3,Area Sales Manager,ID,83706,10/12/1954,M ,Married,US Citizen,No,White,5/12/2014,,N/A-StillEmployed,Active,Sales,John Smith,17,CareerBuilder,Fully Meets,3.98,3,0,1/28/2019,0,4,1,1,1,0,1,Duplicate EmpID
"Ren, Kylo",10140,1,1,1,1,6,3,0,61809,0,3,Area Sales Manager,ID,83706,10/12/1954,M ,Married,US Citizen,No,White,5/12/2014,,N/A-StillEmployed,Active,Sales,John Smith,17,CareerBuilder,Fully Meets,3.98,3,0,1/28/2019,0,4,1,1,1,0,1,Duplicate EmpID
"Chace, Beatrice ",10067,0,0,0,1,5,3,0,61656,0,19,Production Technician I,MA,2763,1/2/1951,F,Single,US Citizen,No,White,9/29/2014,,N/A-StillEmployed,Active,Production       ,Michael Albert,22,Google Search,Fully Meets,5,4,0,2/12/2019,0,11,1,1,1,1,1,
"Delarge, Alex",10306,0,0,1,1,6,1,0,61568,0,3,Area Sales Manager,AL,36006,11/2/1975,M ,Single,US Citizen,No,Two or more races,9/29/2014,,N/A-StillEmployed,Active,Sales,John Smith,17,Indeed,PIP,1.93,3,0,1/30/2019,6,5,1,1,1,0,1,Duplicate EmpID
"Delarge, Alex",10306,0,0,1,1,6,1,0,61568,0,3,Area Sales Manager,AL,36006,11/2/1975,M ,Single,US Citizen,No,Two or more races,9/29/2014,,N/A-StillEmployed,Active,Sales,John Smith,17,Indeed,PIP,1.93,3,0,1/30/2019,6,5,1,1,1,0,1,Duplicate EmpID
"Robinson, Cherly",10285,1,1,0,4,5,2,0,61422,1,19,Production Technician I,MA,1460,1/7/1985,F,Married,US Citizen,No,White,1/10/2011,5/17/2016,attendance,Terminated for Cause,Production       ,Ketsia Liebig,19,Indeed,Needs Improvement,3.6,3,0,4/5/2016,4,16,1,1,1,0,1,Duplicate EmpID
"Robinson, Cherly",10285,1,1,0,4,5,2,0,61422,1,19,Production Technician I,MA,1460,1/7/1985,F,Married,US Citizen,No,White,1/10/2011,5/17/2016,attendance,Terminated for Cause,Production       ,Ketsia Liebig,19,Indeed,Needs Improvement,3.6,3,0,4/5/2016,4,16,1,1,1,0,1,Duplicate EmpID
"Gonzalez, Maria",10101,0,3,0,1,3,3,0,61242,0,14,IT Support,MA,2472,04/16/81,F,Separated,US Citizen,Yes,White,1/5/2015,,N/A-StillEmployed,Active,IT/IS,Peter Monroe,7,Employee Referral,Fully Meets,4.61,4,5,1/28/2019,0,11,1,1,0,0,0,"Invalid DOB format, Duplicate EmpID"
"Gonzalez, Maria",10101,0,3,0,1,3,3,0,61242,0,14,IT Support,MA,2472,04/16/81,F,Separated,US Citizen,Yes,White,1/5/2015,,N/A-StillEmployed,Active,IT/IS,Peter Monroe,7,Employee Referral,Fully Meets,4.61,4,5,1/28/2019,0,11,1,1,0,0,0,"Invalid DOB format, Duplicate EmpID"
"Gonzalez, Maria",10101,0,3,0,1,3,3,0,61242,0,14,IT Support,MA,2472,04/16/81,F,Separated,US Citizen,Yes,White,1/5/2015,,N/A-StillEmployed,Active,IT/IS,Peter Monroe,7,Employee Referral,Fully Meets,4.61,4,5,1/28/2019,0,11,1,1,0,0,0,"Invalid DOB format, Duplicate EmpID"
"Gonzalez, Maria",10101,0,3,0,1,3,3,0,61242,0,14,IT Support,MA,2472,04/16/81,F,Separated,US Citizen,Yes,White,1/5/2015,,N/A-StillEmployed,Active,IT/IS,Peter Monroe,7,Employee Referral,Fully Meets,4.61,4,5,1/28/2019,0,11,1,1,0,0,0,"Invalid DOB format, Duplicate EmpID"
"Gonzalez, Maria",10101,0,3,0,1,3,3,0,61242,0,14,IT Support,MA,2472,04/16/81,F,Separated,US Citizen,Yes,White,1/5/2015,,N/A-StillEmployed,Active,IT/IS,Peter Monroe,7,Employee Referral,Fully Meets,4.61,4,5,1/28/2019,0,11,1,1,0,0,0,"Invalid DOB format, Duplicate EmpID"
"Tavares, Desiree  ",10221,1,1,0,5,5,3,1,60754,1,19,Production Technician I,MA,1801,4/3/1975,F,Married,Non-Citizen,No,Black or African American,4/27/2009,4/1/2013,Another position,Voluntarily Terminated,Production       ,Webster Butler,39,Diversity Job Fair,Fully Meets,4.5,5,0,2/15/2012,0,11,1,1,1,1,1,
"Jeannite, Tayana",10009,0,2,0,1,5,4,0,60724,0,20,Production Technician II,MA,1821,11/6/1986,F,Divorced,US Citizen,No,American Indian or Alaska Native,7/5/2011,,N/A-StillEmployed,Active,Production       ,Ketsia Liebig,19,LinkedIn,Exceeds,4.6,4,0,2/25/2019,0,11,1,1,1,0,1,Duplicate EmpID
"Jeannite, Tayana",10009,0,2,0,1,5,4,0,60724,0,20,Production Technician II,MA,1821,11/6/1986,F,Divorced,US Citizen,No,American Indian or Alaska Native,7/5/2011,,N/A-StillEmployed,Active,Production       ,Ketsia Liebig,19,LinkedIn,Exceeds,4.6,4,0,2/25/2019,0,11,1,1,1,0,1,Duplicate EmpID
"Chang, Donovan  E",10154,0,0,1,1,5,3,0,60380,0,19,Production Technician I,MA,1845,08/24/83,M ,Single,US Citizen,No,White,7/8/2013,,N/A-StillEmployed,Active,Production       ,Webster Butler,,LinkedIn,Fully Meets,3.8,5,0,1/14/2019,0,4,0,1,0,0,0,Missing Manager ID
"Gonzalez, Cayo",10031,0,2,1,1,5,4,1,59892,0,19,Production Technician I,MA,2108,09/29/69,M ,Divorced,US Citizen,No,Black or African American,7/11/2011,,N/A-StillEmployed,Active,Production       ,Brannon Miller,12,Diversity Job Fair,Exceeds,4.5,4,0,2/18/2019,0,1,1,1,0,0,0,"Invalid DOB format, Duplicate EmpID"
"Gonzalez, Cayo",10031,0,2,1,1,5,4,1,59892,0,19,Production Technician I,MA,2108,09/29/69,M ,Divorced,US Citizen,No,Black or African American,7/11/2011,,N/A-StillEmployed,Active,Production       ,Brannon Miller,12,Diversity Job Fair,Exceeds,4.5,4,0,2/18/2019,0,1,1,1,0,0,0,"Invalid DOB format, Duplicate EmpID"
"Gill, Whitney  ",10142,0,4,0,4,6,3,0,59370,1,3,Area Sales Manager,OH,43050,7/10/1971,F,Widowed,US Citizen,No,Black or African American,7/7/2014,9/5/2015,attendance,Terminated for Cause,Sales,John Smith,17,CareerBuilder,Fully Meets,3.97,4,0,1/15/2014,0,7,1,1,1,0,1,Duplicate EmpID
"Gill, Whitney  ",10142,0,4,0,4,6,3,0,59370,1,3,Area Sales Manager,OH,43050,7/10/1971,F,Widowed,US Citizen,No,Black or African American,7/7/2014,9/5/2015,attendance,Terminated for Cause,Sales,John Smith,17,CareerBuilder,Fully Meets,3.97,4,0,1/15/2014,0,7,1,1,1,0,1,Duplicate EmpID
"Gill, Whitney  ",10142,0,4,0,4,6,3,0,59370,1,3,Area Sales Manager,OH,43050,7/10/1971,F,Widowed,US Citizen,No,Black or African American,7/7/2014,9/5/2015,attendance,Terminated for Cause,Sales,John Smith,17,CareerBuilder,Fully Meets,3.97,4,0,1/15/2014,0,7,1,1,1,0,1,Duplicate EmpID
"Athwal, Sam",10062,0,4,1,1,5,3,0,59365,0,19,Production Technician I,MA,2199,02/18/83,M ,Widowed,US Citizen,No,White,9/30/2013,,N/A-StillEmployed,Active,Production       ,Ketsia Liebig,19,Employee Referral,Fully Meets,5,4,0,2/25/2019,0,19,1,1,0,0,0,"Invalid DOB format, Duplicate EmpID"
"Athwal, Sam",10062,0,4,1,1,5,3,0,59365,0,19,Production Technician I,MA,2199,02/18/83,M ,Widowed,US Citizen,No,White,9/30/2013,,N/A-StillEmployed,Active,Production       ,Ketsia Liebig,19,Employee Referral,Fully Meets,5,4,0,2/25/2019,0,19,1,1,0,0,0,"Invalid DOB format, Duplicate EmpID"
"Athwal, Sam",10062,0,4,1,1,5,3,0,59365,0,19,Production Technician I,MA,2199,02/18/83,M ,Widowed,US Citizen,No,White,9/30/2013,,N/A-StillEmployed,Active,Production       ,Ketsia Liebig,19,Employee Referral,Fully Meets,5,4,0,2/25/2019,0,19,1,1,0,0,0,"Invalid DOB format, Duplicate EmpID"
"Dietrich, Jenna  ",10304,0,0,0,1,6,1,0,59231,0,3,Area Sales Manager,WA,98052,05/14/87,F,Single,US Citizen,Yes,White,2/20/2012,,N/A-StillEmployed,Active,Sales,John Smith,17,Website,PIP,2.3,1,0,1/29/2019,2,17,1,1,0,1,1,
"Smith, Sade",10157,0,0,0,1,5,3,0,58939,0,19,Production Technician I,MA,2130,2/2/1965,F,Single,US Citizen,No,White,11/11/2013,,N/A-StillEmployed,Active,Production       ,Ketsia Liebig,19,Employee Referral,Fully Meets,3.73,3,0,1/24/2019,0,16,1,1,1,1,1,
"Barone, Francesco  A",10265,0,0,1,1,5,3,0,58709,0,19,Production Technician I,MA,1810,07/20/83,M ,Single,US Citizen,No,Two or more races,2/20/2012,,N/A-StillEmployed,Active,Production       ,Kelley Spirea,18,Google Search,Fully Meets,4.6,4,0,2/14/2019,0,7,1,1,0,1,1,
"Sahoo, Adil",10233,1,1,1,1,5,3,0,57975,0,20,Production Technician II,MA,2062,04/26/86,M ,Married,US Citizen,No,White,8/30/2010,,N/A-StillEmployed,Active,Production       ,Kelley Spirea,18,CareerBuilder,Fully Meets,4.1,3,0,1/10/2019,0,13,1,1,0,1,1,
"Darson, Jene'ya ",10056,1,1,0,1,5,3,0,57583,0,19,Production Technician I,MA,2110,11/5/1978,F,Married,US Citizen,No,White,7/2/2012,,N/A-StillEmployed,Active,Production       ,Elijiah Gray,16,Indeed,Fully Meets,5,3,0,2/25/2019,0,1,1,1,1,1,1,
"Erilus, Angela",10299,0,3,0,1,5,1,0,56847,0,20,Production Technician II,MA,2133,08/25/89,F,Separated,US Citizen,No,White,7/7/2014,,N/A-StillEmployed,Active,Production       ,Michael Albert,22,Indeed,PIP,3,1,0,2/25/2019,2,5,1,1,0,0,0,"Invalid DOB format, Duplicate EmpID"
"Erilus, Angela",10299,0,3,0,1,5,1,0,56847,0,20,Production Technician II,MA,2133,08/25/89,F,Separated,US Citizen,No,White,7/7/2014,,N/A-StillEmployed,Active,Production       ,Michael Albert,22,Indeed,PIP,3,1,0,2/25/2019,2,5,1,1,0,0,0,"Invalid DOB format, Duplicate EmpID"
"Crimmings,   Jean",10132,0,0,0,2,5,3,0,56149,0,19,Production Technician I,MA,1821,4/10/1987,F,Single,US Citizen,No,White,7/6/2016,,N/A-StillEmployed,Active,Production       ,Michael Albert,22,LinkedIn,Fully Meets,4.12,5,0,1/28/2019,0,15,1,1,1,0,1,Duplicate EmpID
"Crimmings,   Jean",10132,0,0,0,2,5,3,0,56149,0,19,Production Technician I,MA,1821,4/10/1987,F,Single,US Citizen,No,White,7/6/2016,,N/A-StillEmployed,Active,Production       ,Michael Albert,22,LinkedIn,Fully Meets,4.12,5,0,1/28/2019,0,15,1,1,1,0,1,Duplicate EmpID
"Sander, Kamrin",10169,1,1,0,1,5,3,0,56147,0,19,Production Technician I,MA,2154,7/10/1988,F,Married,US Citizen,No,Black or African American,9/29/2014,,N/A-StillEmployed,Active,Production       ,Elijiah Gray,16,LinkedIn,Fully Meets,3.51,3,0,2/18/2019,0,2,1,1,1,1,1,
"DeGweck,  James",10070,1,1,1,5,5,3,0,55722,1,19,Production Technician I,MA,1810,10/31/77,M ,Married,US Citizen,No,White,5/16/2011,6/8/2016,unhappy,Voluntarily Terminated,Production       ,Webster Butler,39,Indeed,Fully Meets,5,4,0,4/2/2016,0,14,1,1,0,0,0,"Invalid DOB format, Duplicate EmpID"
"DeGweck,  James",10070,1,1,1,5,5,3,0,55722,1,19,Production Technician I,MA,1810,10/31/77,M ,Married,US Citizen,No,White,5/16/2011,6/8/2016,unhappy,Voluntarily Terminated,Production       ,Webster Butler,39,Indeed,Fully Meets,5,4,0,4/2/2016,0,14,1,1,0,0,0,"Invalid DOB format, Duplicate EmpID"
"Medeiros, Jennifer",10068,0,0,0,1,5,3,0,55688,0,19,Production Technician I,MA,2346,09/22/76,F,Single,US Citizen,No,White,3/30/2015,,N/A-StillEmployed,Active,Production       ,Michael Albert,22,CareerBuilder,Fully Meets,5,4,0,1/21/2019,0,10,1,1,0,0,0,"Invalid DOB format, Duplicate EmpID"
"Medeiros, Jennifer",10068,0,0,0,1,5,3,0,55688,0,19,Production Technician I,MA,2346,09/22/76,F,Single,US Citizen,No,White,3/30/2015,,N/A-StillEmployed,Active,Production       ,Michael Albert,22,CareerBuilder,Fully Meets,5,4,0,1/21/2019,0,10,1,1,0,0,0,"Invalid DOB format, Duplicate EmpID"
"Smith, Leigh Ann",10153,1,1,0,5,1,3,1,55000,1,2,Administrative Assistant,MA,1844,06/14/87,F,Married,US Citizen,No,Black or African American,9/26/2011,9/25/2013,career change,Voluntarily Terminated,Admin Offices,Brandon R. LeBlanc,1,Diversity Job Fair,Fully Meets,3.8,4,4,8/15/2013,0,17,1,1,0,1,1,
"England, Rex",10235,1,1,1,1,5,3,0,54285,0,19,Production Technician I,MA,2045,08/25/78,M ,Married,US Citizen,No,White,3/31/2014,,N/A-StillEmployed,Active,Production       ,Kelley Spirea,18,Employee Referral,Fully Meets,4.2,3,0,1/11/2019,0,3,1,1,0,1,1,
"Chan, Lin",10210,0,0,0,1,5,3,0,54237,0,19,Production Technician I,MA,2170,2/12/1979,F,Single,US Citizen,No,White,5/12/2014,,N/A-StillEmployed,Active,Production       ,Elijiah Gray,16,Indeed,Fully Meets,3.3,4,0,2/19/2019,0,11,1,1,1,1,1,
"Maurice, Shana",10053,1,1,0,1,5,3,0,54132,0,19,Production Technician I,MA,2330,11/22/77,F,Married,US Citizen,No,White,5/31/2011,,N/A-StillEmployed,Active,Production       ,David Stanley,14,Indeed,Fully Meets,5,4,0,1/10/2019,0,8,1,1,0,0,0,"Invalid DOB format, Duplicate EmpID"
"Maurice, Shana",10053,1,1,0,1,5,3,0,54132,0,19,Production Technician I,MA,2330,11/22/77,F,Married,US Citizen,No,White,5/31/2011,,N/A-StillEmployed,Active,Production       ,David Stanley,14,Indeed,Fully Meets,5,4,0,1/10/2019,0,8,1,1,0,0,0,"Invalid DOB format, Duplicate EmpID"
"Gaul, Barbara",10257,0,0,0,1,5,3,0,53171,0,19,Production Technician I,MA,2121,12/2/1983,F,Single,US Citizen,Yes,Black or African American,5/16/2011,,N/A-StillEmployed,Active,Production       ,Kelley Spirea,18,LinkedIn,Fully Meets,4.2,4,0,2/26/2019,0,12,1,1,1,0,1,Duplicate EmpID
"Gaul, Barbara",10257,0,0,0,1,5,3,0,53171,0,19,Production Technician I,MA,2121,12/2/1983,F,Single,US Citizen,Yes,Black or African American,5/16/2011,,N/A-StillEmployed,Active,Production       ,Kelley Spirea,18,LinkedIn,Fully Meets,4.2,4,0,2/26/2019,0,12,1,1,1,0,1,Duplicate EmpID
"Gaul, Barbara",10257,0,0,0,1,5,3,0,53171,0,19,Production Technician I,MA,2121,12/2/1983,F,Single,US Citizen,Yes,Black or African American,5/16/2011,,N/A-StillEmployed,Active,Production       ,Kelley Spirea,18,LinkedIn,Fully Meets,4.2,4,0,2/26/2019,0,12,1,1,1,0,1,Duplicate EmpID
"Owad, Clinton",10281,0,0,1,1,5,2,0,53060,0,19,Production Technician I,MA,1760,11/24/79,M ,Single,US Citizen,No,Black or African American,2/17/2014,,N/A-StillEmployed,Active,Production       ,Michael Albert,22,LinkedIn,Needs Improvement,4.25,3,0,2/4/2019,4,6,1,1,0,0,0,"Invalid DOB format, Duplicate EmpID"
"Owad, Clinton",10281,0,0,1,1,5,2,0,53060,0,19,Production Technician I,MA,1760,11/24/79,M ,Single,US Citizen,No,Black or African American,2/17/2014,,N/A-StillEmployed,Active,Production       ,Michael Albert,22,LinkedIn,Needs Improvement,4.25,3,0,2/4/2019,4,6,1,1,0,0,0,"Invalid DOB format, Duplicate EmpID"
"Owad, Clinton",10281,0,0,1,1,5,2,0,53060,0,19,Production Technician I,MA,1760,11/24/79,M ,Single,US Citizen,No,Black or African American,2/17/2014,,N/A-StillEmployed,Active,Production       ,Michael Albert,22,LinkedIn,Needs Improvement,4.25,3,0,2/4/2019,4,6,1,1,0,0,0,"Invalid DOB format, Duplicate EmpID"
"O'hare, Lynn",10303,0,0,0,4,5,1,0,52674,1,19,Production Technician I,MA,2152,09/30/80,F,Single,US Citizen,No,Two or more races,3/31/2014,5/1/2018,performance,Terminated for Cause,Production       ,Kissy Sullivan,20,LinkedIn,PIP,2.33,2,0,3/9/2018,6,3,1,1,0,0,0,"Invalid DOB format, Duplicate EmpID"
"O'hare, Lynn",10303,0,0,0,4,5,1,0,52674,1,19,Production Technician I,MA,2152,09/30/80,F,Single,US Citizen,No,Two or more races,3/31/2014,5/1/2018,performance,Terminated for Cause,Production       ,Kissy Sullivan,20,LinkedIn,PIP,2.33,2,0,3/9/2018,6,3,1,1,0,0,0,"Invalid DOB format, Duplicate EmpID"
"O'hare, Lynn",10303,0,0,0,4,5,1,0,52674,1,19,Production Technician I,MA,2152,09/30/80,F,Single,US Citizen,No,Two or more races,3/31/2014,5/1/2018,performance,Terminated for Cause,Production       ,Kissy Sullivan,20,LinkedIn,PIP,2.33,2,0,3/9/2018,6,3,1,1,0,0,0,"Invalid DOB format, Duplicate EmpID"
"O'hare, Lynn",10303,0,0,0,4,5,1,0,52674,1,19,Production Technician I,MA,2152,09/30/80,F,Single,US Citizen,No,Two or more races,3/31/2014,5/1/2018,performance,Terminated for Cause,Production       ,Kissy Sullivan,20,LinkedIn,PIP,2.33,2,0,3/9/2018,6,3,1,1,0,0,0,"Invalid DOB format, Duplicate EmpID"
"Garcia, Raul",10111,0,0,1,1,5,3,0,52249,0,19,Production Technician I,MA,1905,09/15/85,M ,Single,US Citizen,Yes,White,3/30/2015,,N/A-StillEmployed,Active,Production       ,David Stanley,14,Employee Referral,Fully Meets,4.5,3,0,2/18/2019,0,5,1,1,0,1,1,
"Lydon, Allison",10057,1,1,0,3,5,3,0,52057,0,19,Production Technician I,MA,2122,10/22/75,F,Married,US Citizen,No,Black or African American,2/16/2015,,N/A-StillEmployed,Active,Production       ,Elijiah Gray,16,Website,Fully Meets,5,3,0,1/23/2019,0,6,1,1,0,0,0,"Invalid DOB format, Duplicate EmpID"
"Lydon, Allison",10057,1,1,0,3,5,3,0,52057,0,19,Production Technician I,MA,2122,10/22/75,F,Married,US Citizen,No,Black or African American,2/16/2015,,N/A-StillEmployed,Active,Production       ,Elijiah Gray,16,Website,Fully Meets,5,3,0,1/23/2019,0,6,1,1,0,0,0,"Invalid DOB format, Duplicate EmpID"
"Ivey, Rose ",10139,0,0,0,1,5,3,0,51908,0,19,Production Technician I,MA,1775,01/28/91,F,Single,US Citizen,No,White,8/19/2013,,N/A-StillEmployed,Active,Production       ,Brannon Miller,12,Indeed,Fully Meets,3.99,3,0,1/14/2019,0,14,1,1,0,0,0,"Invalid DOB format, Duplicate EmpID"
"Ivey, Rose ",10139,0,0,0,1,5,3,0,51908,0,19,Production Technician I,MA,1775,01/28/91,F,Single,US Citizen,No,White,8/19/2013,,N/A-StillEmployed,Active,Production       ,Brannon Miller,12,Indeed,Fully Meets,3.99,3,0,1/14/2019,0,14,1,1,0,0,0,"Invalid DOB format, Duplicate EmpID"
"Lindsay, Leonara ",10008,0,0,0,1,3,4,1,51777,0,14,IT Support,CT,6070,10/5/1988,F,Single,US Citizen,Yes,Black or African American,1/21/2011,,N/A-StillEmployed,Active,IT/IS,Eric Dougall,6,Diversity Job Fair,Exceeds,4.64,4,5,1/25/2019,0,14,1,1,1,1,1,
"Gerke, Melisa",10122,0,2,0,5,5,3,1,51505,1,19,Production Technician I,MA,2330,05/15/70,F,Divorced,US Citizen,No,Black or African American,11/7/2011,11/15/2016,hours,Voluntarily Terminated,Production       ,Elijiah Gray,16,Diversity Job Fair,Fully Meets,4.24,4,0,4/29/2016,0,2,1,1,0,1,1,
"Wallace, Theresa",10293,0,0,0,5,5,2,0,50274,1,19,Production Technician I,MA,1887,8/2/1980,F,Single,US Citizen,No,White,8/13/2012,9/1/2015,career change,Voluntarily Terminated,Production       ,Elijiah Gray,16,CareerBuilder,Needs Improvement,2.5,3,0,9/5/2014,6,13,1,1,1,1,1,
"Volk, Colleen",10022,1,1,0,4,5,4,0,49773,1,19,Production Technician I,MA,2747,6/3/1986,F,Married,US Citizen,No,White,9/26/2011,2/8/2016,gross misconduct,Terminated for Cause,Production       ,Kelley Spirea,18,Google Search,Exceeds,4.3,5,0,2/1/2015,0,18,1,1,1,1,1,
"Ybarra, Catherine ",10301,0,0,0,5,5,1,0,48513,1,19,Production Technician I,MA,2458,5/4/1982,F,Single,US Citizen,No,Asian,9/2/2008,9/29/2015,Another position,Voluntarily Terminated,Production       ,Brannon Miller,12,Google Search,PIP,3.2,2,0,9/2/2015,5,4,1,1,1,1,1,
"Gordon, David",10051,1,1,1,1,5,3,0,48285,0,19,Production Technician I,MA,2169,05/21/79,M ,Married,US Citizen,No,White,7/2/2012,,N/A-StillEmployed,Active,Production       ,David Stanley,14,LinkedIn,Fully Meets,5,3,0,1/14/2019,0,2,1,1,0,1,1,
"Stanford,Barbara  M",10278,0,2,0,1,5,3,0,47961,0,19,Production Technician I,MA,2050,08/25/82,F,Divorced,US Citizen,No,Two or more races,1/10/2011,,N/A-StillEmployed,Active,Production       ,Kissy Sullivan,20,Google Search,Fully Meets,4.1,4,0,2/7/2019,0,9,1,1,0,1,1,
"Heitzman, Anthony",10129,0,0,1,1,5,3,0,46998,0,19,Production Technician I,MA,2149,1/4/1984,M ,Single,US Citizen,No,White,8/13/2012,,N/A-StillEmployed,Active,Production       ,Ketsia Liebig,19,Google Search,Fully Meets,4.17,4,0,2/11/2019,0,1,1,1,1,1,1,
"Power, Morissa",10187,0,2,0,5,5,3,0,46799,1,19,Production Technician I,MA,1742,10/15/84,F,Divorced,Eligible NonCitizen,No,Asian,5/16/2011,6/4/2018,Another position,Voluntarily Terminated,Production       ,Kissy Sullivan,20,Google Search,Fully Meets,3.17,4,0,4/2/2018,0,14,1,1,0,0,0,"Invalid DOB format, Duplicate EmpID"
"Power, Morissa",10187,0,2,0,5,5,3,0,46799,1,19,Production Technician I,MA,1742,10/15/84,F,Divorced,Eligible NonCitizen,No,Asian,5/16/2011,6/4/2018,Another position,Voluntarily Terminated,Production       ,Kissy Sullivan,20,Google Search,Fully Meets,3.17,4,0,4/2/2018,0,14,1,1,0,0,0,"Invalid DOB format, Duplicate EmpID"
"Knapp, Bradley  J",10208,0,0,1,1,5,3,0,46654,0,19,Production Technician I,MA,1721,11/10/1977,M ,Single,US Citizen,No,Black or African American,2/17/2014,,N/A-StillEmployed,Active,Production       ,Ketsia Liebig,19,LinkedIn,Fully Meets,3.1,3,0,2/6/2019,0,3,1,1,1,0,1,Duplicate EmpID
"Knapp, Bradley  J",10208,0,0,1,1,5,3,0,46654,0,19,Production Technician I,MA,1721,11/10/1977,M ,Single,US Citizen,No,Black or African American,2/17/2014,,N/A-StillEmployed,Active,Production       ,Ketsia Liebig,19,LinkedIn,Fully Meets,3.1,3,0,2/6/2019,0,3,1,1,1,0,1,Duplicate EmpID
"Langton, Enrico",10052,1,1,1,1,5,3,0,46120,0,19,Production Technician I,MA,2048,12/9/1986,M ,Married,US Citizen,No,White,7/9/2012,,N/A-StillEmployed,Active,Production       ,David Stanley,14,LinkedIn,Fully Meets,5,5,0,2/4/2019,0,13,1,1,1,0,1,Duplicate EmpID
"Langton, Enrico",10052,1,1,1,1,5,3,0,46120,0,19,Production Technician I,MA,2048,12/9/1986,M ,Married,US Citizen,No,White,7/9/2012,,N/A-StillEmployed,Active,Production       ,David Stanley,14,LinkedIn,Fully Meets,5,5,0,2/4/2019,0,13,1,1,1,0,1,Duplicate EmpID
"Langton, Enrico",10052,1,1,1,1,5,3,0,46120,0,19,Production Technician I,MA,2048,12/9/1986,M ,Married,US Citizen,No,White,7/9/2012,,N/A-StillEmployed,Active,Production       ,David Stanley,14,LinkedIn,Fully Meets,5,5,0,2/4/2019,0,13,1,1,1,0,1,Duplicate EmpID
"Perry, Shakira",10171,0,0,0,5,5,3,0,45998,1,19,Production Technician I,MA,2176,07/20/86,F,Single,US Citizen,No,White,5/16/2011,10/25/2015,medical issues,Voluntarily Terminated,Production       ,Amy Dunn,11,LinkedIn,Fully Meets,3.45,4,0,5/13/2014,0,5,1,1,0,0,0,"Invalid DOB format, Duplicate EmpID"
"Perry, Shakira",10171,0,0,0,5,5,3,0,45998,1,19,Production Technician I,MA,2176,07/20/86,F,Single,US Citizen,No,White,5/16/2011,10/25/2015,medical issues,Voluntarily Terminated,Production       ,Amy Dunn,11,LinkedIn,Fully Meets,3.45,4,0,5/13/2014,0,5,1,1,0,0,0,"Invalid DOB format, Duplicate EmpID"
"Jacobi, Hannah  ",10236,0,2,0,1,5,3,0,45069,0,19,Production Technician I,MA,1778,03/22/66,F,Divorced,US Citizen,No,White,9/30/2013,,N/A-StillEmployed,Active,Production       ,Kissy Sullivan,20,Employee Referral,Fully Meets,4.3,5,0,2/22/2019,0,7,1,1,0,1,1,
